{"cameraMode":{"drawMode":0,"name":"Shaded","section":"Shading Mode"},"sceneLighting":true,"audioPlay":false,"sceneViewState":{"showFog":true,"showMaterialUpdate":true,"showSkybox":true,"showFlares":true,"showImageEffects":true,"showParticleSystems":true},"in2DMode":false,"pivot":{"x":1.7003939151763917,"y":1.4866315126419068,"z":-2.901405096054077},"rotation":{"x":0.15898644924163819,"y":-0.11513622105121613,"z":0.019371895119547845,"w":0.980618417263031},"size":0.9149529337882996,"orthographic":false}